{"feature_names": ["pitch_var", "jitter_proxy", "hnr_ratio", "spectral_flatness_mean", "spectral_rolloff_median", "phase_coherence_median", "energy_entropy_norm", "temporal_discontinuity_rate", "prosody_pause_std", "voiced_ratio"], "mu": [87.77506256103516, 0.010901038534939289, 0.6600283980369568, 0.03696390986442566, 2626.977294921875, 0.013324493542313576, 0.9617062211036682, 0.10011577606201172, 22.18363380432129, 1.0], "sigma": [22.00882911682129, 0.0027359502855688334, 0.08116141706705093, 0.05875333771109581, 1004.6703491210938, 0.003499144222587347, 0.017201758921146393, 0.00015786539006512612, 8.684490203857422, 1.0], "weights": [0.5657475590705872, 0.5894625782966614, 0.19762824475765228, 0.20961852371692657, -0.6238258481025696, 0.5557287335395813, -0.5511703491210938, 0.31563279032707214, 0.012204690836369991, 0.0], "bias": 0.06840532752955768, "calib_a": 1.0, "calib_b": 0.0}