{"feature_names": ["pitch_var", "jitter_proxy", "hnr_ratio", "spectral_flatness_mean", "spectral_rolloff_median", "phase_coherence_median", "energy_entropy_norm", "temporal_discontinuity_rate", "prosody_pause_std", "voiced_ratio"], "mean": [97.28570556640625, 0.015358686447143555, 0.44850465655326843, 0.04492092877626419, 1991.40625, 0.023524506017565727, 0.9437246322631836, 0.10026006400585175, 18.497356414794922, 1.0], "std": [26.33879852294922, 0.0036274732556194067, 0.10907060652971268, 0.06220802664756775, 534.7877197265625, 0.0022817780263721943, 0.012029548175632954, 0.00019417554722167552, 7.496099948883057, 1.0], "mu": [97.28570556640625, 0.015358686447143555, 0.44850465655326843, 0.04492092877626419, 1991.40625, 0.023524506017565727, 0.9437246322631836, 0.10026006400585175, 18.497356414794922, 1.0], "sigma": [26.33879852294922, 0.0036274732556194067, 0.10907060652971268, 0.06220802664756775, 534.7877197265625, 0.0022817780263721943, 0.012029548175632954, 0.00019417554722167552, 7.496099948883057, 1.0], "weights": [0.13216643035411835, -0.14370806515216827, 0.1097094938158989, 0.12056225538253784, -0.1314322054386139, 0.21886290609836578, -0.06901900470256805, -0.030670860782265663, 0.015363581478595734, 0.0], "bias": 0.0005495691047402314, "calib_a": 8.0, "calib_c": 0.012866821085900492}