{"accuracy_train": 1.0, "accuracy_val": 1.0, "accuracy_test": 1.0, "roc_auc_test": 1.0, "ece_test": 0.0695071816444397, "per_language_accuracy_test": {"english": 1.0, "hindi": 1.0, "malayalam": 1.0, "tamil": 1.0, "telugu": 1.0}, "precision_ai": 1.0, "recall_ai": 1.0, "f1_ai": 1.0, "confusion_matrix_test": [[5, 0], [0, 5]], "feature_importance": [0.13216643035411835, 0.14370806515216827, 0.1097094938158989, 0.12056225538253784, 0.1314322054386139, 0.21886290609836578, 0.06901900470256805, 0.030670860782265663, 0.015363581478595734, 0.0], "feature_names": ["pitch_var", "jitter_proxy", "hnr_ratio", "spectral_flatness_mean", "spectral_rolloff_median", "phase_coherence_median", "energy_entropy_norm", "temporal_discontinuity_rate", "prosody_pause_std", "voiced_ratio"], "train_time_sec": 0.00011949999679927714, "samples": {"train": 80, "val": 10, "test": 10}, "timestamp": 1770152239}